Ef_1,Ef_2,Ef_3,Ef_4
[2743.9946245590454],[2269.436559315457],[2301.601078277207],[1996.3386239624617]
[1242.1491670020957],[1186.1159809078235],[1219.8081960941925],[1074.5626531948355]
[1061.0655917278318],[1086.1677847818883],[1132.474572788716],[1014.451365893782]
[936.5061019076757],[1004.1609153120971],[1061.5417383939357],[966.4281297425059]
[835.8719382130275],[925.9723065458559],[992.2258832593388],[913.94779230163]
[750.1090459201451],[849.5652824605462],[921.6888410125806],[854.7254760390047]
[674.617014934854],[775.3921232490926],[851.2685281676328],[790.7377965646544]
[608.2244353973008],[705.9649108015708],[781.9792954819138],[723.9472103795384]
[549.7589298358555],[641.1159154806834],[714.9022288926104],[657.0496799467478]
[498.08625903897894],[581.7185659460611],[651.6015532918694],[592.7965408671135]
[452.03225990989756],[527.267804460928],[592.831853821124],[532.3884006178652]
[411.3365152834785],[477.8129438520196],[538.3439686459176],[476.5584485767801]
[375.111915654623],[433.13741618998785],[488.46422719542164],[426.0130292858655]
[342.62016002876027],[392.79515662925934],[443.2270362467297],[380.71929914852115]
[313.4002063785366],[356.6569322196582],[402.31543692690997],[340.5241455308106]
